"Lot.Frontage","Lot.Area","Neighborhood","Year.Built","Garage.Type","Garage.Finish","Garage.Cars","Paved.Drive","Full.Bath","X1st.Flr.SF","X2nd.Flr.SF","Bedroom.AbvGr","SalePrice"
,10320,"IDOTRR",1915,"Detchd","Unf",2,"Y",2,880,428,2,120000
102,9373,"NAmes",1953,"Detchd","Unf",2,"Y",1,1152,0,3,137500
,56600,"IDOTRR",1900,"Detchd","Unf",1,"N",2,1150,686,4,103000
68,8930,"Sawyer",1978,"Attchd","Unf",2,"Y",2,1318,584,4,112000
70,8050,"NAmes",1967,"Attchd","RFn",1,"Y",1,1107,0,3,127000
60,6360,"Sawyer",1963,"Attchd","Unf",1,"Y",1,864,0,3,119916
,12782,"CollgCr",2002,"Attchd","Fin",2,"Y",2,1828,0,3,279500
60,6000,"IDOTRR",1940,"Detchd","Unf",1,"Y",1,760,330,3,120000
60,6600,"Mitchel",1982,"Attchd","Unf",1,"Y",1,816,0,3,130500
,4928,"NPkVill",1976,"Attchd","RFn",2,"Y",2,958,0,2,143750
138,18030,"ClearCr",1946,,,0,"Y",3,1636,971,3,200500
100,18494,"Gilbert",2005,"Attchd","Fin",2,"Y",2,1324,0,3,199500
84,10440,"Somerst",2007,"Attchd","Fin",2,"Y",2,1584,0,2,261329
71,9178,"CollgCr",2008,"Attchd","RFn",3,"Y",2,1468,0,3,239900
80,12048,"Edwards",1952,"Attchd","RFn",2,"Y",1,1488,0,3,135000
38,7840,"Edwards",1975,,,0,"Y",2,1012,0,4,127500
66,8738,"Gilbert",1999,"BuiltIn","Fin",2,"Y",2,1005,1286,4,230000
100,15263,"ClearCr",1959,"Attchd","Unf",1,"Y",2,1675,0,3,173000
69,11302,"StoneBr",2005,"Attchd","Fin",3,"Y",2,1826,0,3,319000
90,17217,"Mitchel",2006,,,0,"Y",1,1140,0,3,84500
48,6955,"NridgHt",2005,"Attchd","RFn",2,"Y",2,1368,0,2,202500
65,8769,"NridgHt",2008,"Attchd","Fin",3,"Y",1,1702,0,1,367294
74,7733,"SawyerW",2005,,,0,"Y",1,1142,0,3,139500
75,10170,"NAmes",1951,"Attchd","Unf",2,"Y",1,1575,0,2,155000
110,8472,"IDOTRR",1963,"CarPort","Unf",2,"Y",1,816,0,2,110000
61,8534,"IDOTRR",1925,,,0,"N",1,672,0,2,72000
90,13068,"NWAmes",1976,"Attchd","Fin",2,"Y",2,1211,0,3,161000
,7472,"NAmes",1972,"Attchd","Fin",2,"Y",1,725,754,4,184000
,11950,"Gilbert",2003,"BuiltIn","Fin",2,"Y",2,754,640,3,165500
100,13350,"Sawyer",1974,"Attchd","Unf",2,"Y",1,894,0,3,142500
80,9600,"NWAmes",1971,"Attchd","RFn",2,"Y",1,930,715,4,171000
80,11622,"NAmes",1961,"Attchd","Unf",1,"Y",1,896,0,2,105000
44,5306,"StoneBr",1987,"Attchd","RFn",2,"Y",2,1064,703,2,239000
,115149,"ClearCr",1971,"Attchd","Unf",2,"Y",2,1824,0,2,302000
69,7590,"NAmes",1963,"Attchd","Unf",1,"Y",1,1117,0,3,136870
61,10226,"CollgCr",2008,"Attchd","RFn",3,"Y",2,1630,0,3,295493
55,8525,"SWISU",1911,,,0,"N",1,1024,940,4,130000
60,6180,"BrkSide",1926,"Detchd","Unf",1,"Y",1,986,0,2,102000
109,21780,"IDOTRR",1910,"Detchd","Unf",1,"N",1,810,0,1,57625
,12155,"SWISU",1925,"Detchd","Unf",1,"P",2,810,672,4,140000
,11354,"CollgCr",2000,"Attchd","RFn",2,"Y",2,1673,0,3,270000
84,10207,"Somerst",2007,"Attchd","Fin",2,"Y",3,874,887,3,227875
57,9245,"CollgCr",1994,"Detchd","Unf",2,"Y",1,990,0,3,145000
80,10240,"NridgHt",2005,"Attchd","RFn",3,"Y",2,1038,1060,3,275500
90,12878,"NridgHt",2003,"Attchd","Fin",2,"Y",2,1760,0,3,269500
64,7018,"SawyerW",1979,"Detchd","Unf",2,"Y",2,1120,1120,6,142953
,18800,"NWAmes",1976,"Attchd","Fin",2,"Y",2,790,784,3,190000
160,15623,"NoRidge",1996,"Attchd","Fin",3,"Y",3,2411,2065,4,745000
,8145,"Crawfor",1940,"Detchd","Unf",2,"Y",2,1240,1240,5,205000
80,10400,"CollgCr",1998,"Attchd","RFn",2,"Y",2,866,913,3,197900
,7153,"SawyerW",1991,"Attchd","RFn",2,"Y",2,1294,0,3,179200
34,5063,"NridgHt",2007,"Attchd","RFn",2,"Y",2,1314,0,2,207500
80,9600,"NAmes",1967,"Attchd","Unf",2,"Y",1,1568,0,3,143000
59,23303,"NridgHt",2007,"BuiltIn","Fin",3,"Y",2,1508,1012,5,409900
72,7226,"CollgCr",2003,"Attchd","RFn",2,"Y",2,798,842,3,183000
,3940,"Blmngtn",2004,"Attchd","RFn",3,"Y",2,1576,0,2,219990
,10832,"Gilbert",1994,"Attchd","Fin",2,"Y",2,1086,809,3,194500
,11435,"Crawfor",1929,"Detchd","Unf",2,"Y",1,792,725,3,230000
45,8248,"Edwards",1922,,,0,"N",1,964,0,3,83000
63,10712,"Mitchel",1991,,,0,"Y",1,974,0,3,93500
60,8172,"Edwards",1955,"Detchd","Unf",1,"Y",1,768,0,2,125000
69,10205,"NAmes",1962,"Attchd","Unf",1,"Y",1,999,0,3,134500
,21579,"Crawfor",1968,"Attchd","RFn",2,"Y",2,1488,0,3,215000
,8970,"NAmes",1965,"Attchd","Fin",2,"Y",2,825,1315,4,177500
,4928,"NPkVill",1976,"Attchd","RFn",2,"Y",2,958,0,2,128000
76,9291,"SawyerW",1993,"Attchd","RFn",2,"Y",2,832,878,3,187000
,11553,"Sawyer",1968,"Attchd","Unf",1,"Y",1,1159,0,3,158000
,10337,"OldTown",1910,"Detchd","Unf",2,"Y",2,909,863,3,184900
112,16451,"NridgHt",2003,"BuiltIn","Fin",3,"Y",2,1804,886,4,370000
110,15274,"NridgHt",2003,"Attchd","Fin",3,"Y",2,2452,0,3,445000
78,11645,"CollgCr",2005,"Attchd","Fin",2,"Y",2,1734,0,3,260000
88,12216,"Gilbert",2005,"Attchd","Fin",2,"Y",2,1326,0,3,203000
60,9600,"OldTown",1910,"Detchd","Unf",2,"N",2,833,677,3,87500
182,14572,"Gilbert",2004,"Attchd","Fin",3,"Y",2,1530,0,3,259000
60,10320,"IDOTRR",1924,"Detchd","Unf",2,"Y",2,834,596,3,107000
113,13438,"Timber",2008,"Attchd","Fin",3,"Y",2,2036,0,3,410000
60,10320,"IDOTRR",1910,"Detchd","Unf",1,"N",2,866,504,3,50000
60,10800,"OldTown",1914,"Detchd","Unf",2,"N",1,880,888,2,163000
57,6420,"Edwards",1952,"Detchd","Unf",1,"Y",1,1148,0,2,123500
72,10791,"Sawyer",1967,"CarPort","Unf",2,"Y",2,1296,0,2,90000
26,8773,"NAmes",2002,"Attchd","Fin",2,"Y",2,1419,0,2,190000
64,7018,"SawyerW",1979,"Attchd","Unf",2,"Y",2,1535,0,4,118964
48,6240,"NridgHt",2006,"Attchd","Fin",2,"Y",2,1324,0,2,254000
63,7875,"Gilbert",2003,"Attchd","Fin",2,"Y",2,807,702,3,180000
41,2665,"MeadowV",1977,"BuiltIn","RFn",1,"Y",1,616,688,3,104500
80,9600,"NWAmes",1974,"Attchd","RFn",2,"Y",2,1165,896,4,168500
,4438,"CollgCr",2004,"Attchd","RFn",2,"Y",1,848,0,1,149000
112,10859,"CollgCr",1994,"Attchd","Unf",2,"Y",1,1097,0,3,145000
,50102,"Timber",1958,"Attchd","Unf",2,"Y",1,1650,0,2,250764
73,9069,"SawyerW",1993,"Attchd","Unf",4,"Y",2,1440,0,2,224500
58,14054,"Gilbert",2006,"BuiltIn","Fin",3,"Y",2,879,984,4,219210
,16269,"CollgCr",1978,"Attchd","Unf",1,"Y",1,907,0,3,140000
70,9100,"NAmes",1965,"Detchd","Unf",1,"Y",1,925,0,2,117500
65,10237,"Gilbert",2005,"Attchd","Fin",2,"Y",2,1316,0,3,169990
79,11850,"NWAmes",1984,"Attchd","Fin",2,"Y",2,1177,0,3,151500
80,9200,"NAmes",1965,"Attchd","RFn",1,"Y",1,1136,0,3,140000
174,15138,"NoRidge",1995,"Attchd","Fin",3,"Y",2,1490,1304,4,403000
72,10152,"NAmes",1956,"Attchd","Unf",1,"Y",1,1048,0,3,135000
70,8400,"NAmes",1968,"Attchd","RFn",1,"Y",1,1052,0,3,138500
,9556,"Gilbert",1992,"Attchd","RFn",2,"Y",2,1187,0,3,160000
,3072,"Blmngtn",2004,"Attchd","Fin",2,"Y",2,1414,0,2,178740
80,10000,"NWAmes",1974,"Attchd","Unf",2,"Y",2,1103,0,3,155000
99,11851,"Gilbert",1990,"Attchd","RFn",2,"Y",2,1442,0,3,180500
55,10592,"Crawfor",1923,"Detchd","Unf",1,"Y",1,900,602,3,165000
70,7560,"NAmes",1958,"Attchd","Unf",1,"Y",1,1339,0,3,139000
117,15262,"NridgHt",2003,"Attchd","Fin",3,"Y",2,2200,0,3,382500
,8638,"Sawyer",1963,"Detchd","Unf",2,"Y",1,925,0,2,133500
,11075,"ClearCr",1984,"Attchd","Fin",2,"Y",2,1522,0,3,182000
120,18000,"IDOTRR",1935,"Detchd","RFn",3,"Y",1,894,0,2,81000
57,9906,"OldTown",1925,"Detchd","Unf",1,"Y",1,810,518,3,107000
,16500,"NWAmes",1971,"Attchd","RFn",2,"Y",2,1320,0,3,172500
75,8250,"IDOTRR",1895,,,0,"N",2,1034,957,4,119600
52,9439,"OldTown",1930,"Detchd","Unf",1,"Y",1,912,336,2,87000
70,7945,"NAmes",1959,"Attchd","RFn",1,"Y",1,1150,0,3,141000
52,3068,"OldTown",1920,"Detchd","Unf",1,"Y",1,662,662,3,122000
44,17485,"Edwards",2009,"Attchd","RFn",2,"Y",1,1508,0,1,308030
,10659,"NAmes",1961,"Attchd","Unf",1,"Y",1,1050,0,3,136500
,9819,"Sawyer",1967,"Detchd","Unf",1,"Y",1,900,0,3,122000
107,14450,"NridgHt",2006,"Attchd","Fin",3,"Y",2,2121,0,3,415298
74,11002,"NoRidge",1998,"Attchd","Fin",3,"Y",2,1411,1171,4,322500
65,6565,"IDOTRR",1957,"Detchd","Unf",2,"Y",1,1073,0,3,140000
60,8520,"OldTown",1916,"Detchd","Unf",1,"Y",2,1664,862,5,136000
65,9750,"OldTown",1959,"Detchd","Unf",1,"N",1,984,0,2,110000
64,8333,"CollgCr",2006,"Attchd","RFn",2,"Y",2,738,753,3,168675
40,6792,"NridgHt",2005,"Attchd","RFn",2,"Y",2,1368,0,2,202665
38,15240,"CollgCr",1977,"Attchd","Unf",1,"Y",1,1026,0,3,150000
74,10141,"Gilbert",1998,"Attchd","Fin",2,"Y",2,885,833,3,185000
,12537,"NAmes",1971,"Attchd","Fin",2,"Y",1,1078,0,3,149900
52,5825,"BrkSide",1926,"Detchd","Unf",2,"Y",1,747,0,1,79900
,8398,"Sawyer",1967,"Detchd","Unf",2,"Y",1,943,0,2,134500
70,8393,"NAmes",1959,"Attchd","Fin",2,"Y",2,1712,0,4,145000
63,4761,"IDOTRR",1918,,,0,"N",1,1020,0,2,64500
,7162,"Sawyer",1966,"Attchd","Unf",1,"Y",1,904,0,3,109900
62,8244,"Gilbert",2004,"Attchd","Fin",2,"Y",2,840,880,3,183500
130,9600,"Crawfor",1940,"Detchd","Unf",1,"Y",1,976,332,2,160000
71,7350,"NAmes",1958,"Attchd","RFn",1,"Y",1,1041,0,3,128000
,8239,"GrnHill",1986,"Attchd","RFn",1,"Y",2,1295,0,2,230000
65,14149,"Sawyer",1964,"Detchd","Unf",2,"Y",2,1020,0,3,165000
87,13050,"ClearCr",1963,"Attchd","Unf",2,"Y",1,1000,0,1,164000
75,9525,"CollgCr",1995,"Attchd","Unf",1,"Y",1,1099,0,3,144000
70,9116,"Mitchel",2001,"Attchd","RFn",2,"Y",2,1491,0,3,209000
41,4923,"StoneBr",2001,"Attchd","Fin",2,"Y",1,1593,0,0,286000
60,3600,"OldTown",1910,"Detchd","Unf",1,"N",1,684,684,3,114504
80,8480,"NAmes",1945,"Detchd","Unf",1,"Y",1,793,0,2,113000
60,8064,"NAmes",1948,"Detchd","Unf",2,"Y",2,819,501,3,138000
59,16466,"Edwards",1955,"Attchd","Unf",1,"Y",1,872,521,3,135500
57,8013,"StoneBr",1995,"Attchd","RFn",2,"Y",2,1734,0,2,239500
94,9400,"Mitchel",1971,,,0,"Y",2,912,912,4,139000
80,9736,"NAmes",1957,"Attchd","Unf",2,"Y",1,1721,0,4,174850
68,9724,"NAmes",1947,"Detchd","Unf",1,"Y",1,1043,0,2,137000
,13215,"NridgHt",2004,"BuiltIn","RFn",3,"Y",2,1426,488,3,279000
80,14695,"NAmes",1966,"Attchd","Unf",2,"Y",2,1567,0,2,256000
89,11792,"Edwards",1948,"Detchd","Unf",2,"P",1,792,328,2,64000
,13052,"Sawyer",1965,"Attchd","Unf",1,"Y",1,1024,0,3,120875
48,17043,"NWAmes",1979,"Attchd","Unf",2,"Y",2,1586,0,3,181000
48,6240,"NridgHt",2006,"Attchd","Fin",2,"Y",2,1342,0,2,234250
79,9490,"NAmes",1941,"Attchd","Unf",1,"Y",1,958,620,3,133000
65,9750,"NAmes",1969,"Attchd","Unf",2,"Y",1,1054,0,3,151000
121,17671,"OldTown",1882,"Attchd","Unf",2,"P",1,916,826,4,168000
88,12128,"SawyerW",1989,"Attchd","RFn",2,"Y",2,1313,1246,4,209000
65,7800,"Sawyer",1967,"Attchd","Fin",1,"Y",1,899,0,3,130000
51,6120,"BrkSide",1925,"Detchd","Unf",1,"Y",1,1015,0,3,88000
60,9060,"Edwards",1957,"Attchd","RFn",1,"Y",1,1340,0,3,120000
86,14157,"StoneBr",2005,"Attchd","Fin",3,"Y",2,1922,0,3,377426
66,7742,"Sawyer",1966,"Attchd","Unf",1,"Y",1,955,0,3,127000
75,10084,"Somerst",2004,"Attchd","RFn",2,"Y",2,1694,0,3,307000
104,14418,"NridgHt",2007,"Attchd","Fin",3,"Y",2,1950,0,2,383000
32,3784,"Somerst",2006,"Attchd","Fin",2,"Y",2,1565,0,2,193800
50,9340,"Edwards",1941,"Attchd","Unf",1,"N",1,672,0,2,113000
57,8280,"NAmes",1950,"Attchd","Unf",1,"Y",1,932,0,2,124000
,8696,"CollgCr",1997,"Attchd","RFn",2,"Y",2,1418,0,3,226001
44,3843,"Crawfor",2007,"Attchd","Fin",2,"Y",2,1648,0,2,294464
73,11184,"Gilbert",1998,"Attchd","Fin",2,"Y",2,932,701,3,183000
,2980,"Somerst",2000,"Detchd","Unf",2,"Y",2,756,756,2,177000
,9790,"NWAmes",1963,"Attchd","Unf",2,"Y",1,1328,0,3,143000
30,3182,"Somerst",2004,"Detchd","RFn",2,"Y",2,600,600,2,151000
60,10998,"Edwards",1941,"Detchd","Unf",2,"Y",2,984,620,3,117000
100,10175,"NAmes",1964,"Attchd","RFn",2,"Y",2,1425,0,3,180500
50,6000,"OldTown",1920,"Detchd","Unf",1,"Y",1,960,0,2,108500
44,12864,"Mitchel",2002,"Attchd","RFn",2,"Y",1,1409,0,1,245000
65,7804,"SWISU",1928,"Detchd","Unf",2,"Y",2,1328,653,4,135000
24,2104,"NPkVill",1976,"Attchd","Unf",1,"Y",1,836,0,2,128500
80,9364,"Sawyer",1969,"Attchd","Fin",1,"Y",1,663,689,4,158000
60,10044,"Edwards",1968,"Attchd","RFn",1,"Y",1,1196,0,3,144000
,21000,"Crawfor",1953,"Basment","Unf",2,"Y",2,2259,0,3,217000
75,8050,"Edwards",2002,,,0,"N",1,914,0,2,117250
41,10905,"CollgCr",2003,"BuiltIn","RFn",2,"Y",2,1129,1198,4,240000
50,6000,"BrkSide",1926,"Detchd","Unf",1,"Y",1,904,0,2,119000
65,8450,"Sawyer",1965,"Detchd","Unf",1,"Y",1,894,0,3,138500
78,10140,"NWAmes",1998,"Attchd","Fin",2,"Y",2,1680,0,3,213250
65,7441,"SawyerW",2006,"Attchd","RFn",2,"Y",2,1486,0,3,181000
64,6979,"OldTown",1980,"Detchd","Unf",2,"Y",0,1056,0,0,144000
,4435,"CollgCr",2003,"Attchd","Fin",2,"Y",1,848,0,1,144000
,9505,"Gilbert",2001,"BuiltIn","Fin",2,"Y",2,884,1151,3,222500
105,11249,"CollgCr",1995,"Attchd","RFn",2,"Y",2,1200,0,3,177500
60,10800,"OldTown",1915,"Detchd","Unf",1,"Y",2,966,686,4,139000
83,11980,"SawyerW",1987,"Attchd","RFn",2,"Y",1,1433,0,1,270000
99,7094,"Sawyer",1966,"Detchd","RFn",1,"Y",1,894,0,3,125000
21,1680,"BrDale",1971,"Detchd","Unf",1,"Y",1,525,567,3,88000
129,9196,"Mitchel",2003,"Attchd","Fin",2,"Y",2,1560,0,3,201000
73,8925,"Timber",2007,"Attchd","Fin",3,"Y",2,1466,0,3,201000
51,6120,"BrkSide",1925,"Detchd","Unf",1,"Y",1,995,0,2,115000
85,10667,"NAmes",1971,"Attchd","Unf",2,"Y",2,1587,0,3,167300
,8470,"Somerst",2002,"Attchd","RFn",2,"Y",2,972,839,3,235000
74,8834,"NridgHt",2004,"Attchd","Fin",3,"Y",2,1462,762,4,350000
80,9000,"NAmes",1958,"Basment","RFn",1,"Y",1,1142,0,2,113500
47,7755,"OldTown",1918,"Detchd","Unf",1,"Y",2,1100,1164,4,200000
80,9600,"NAmes",1950,"Attchd","Unf",1,"Y",1,1113,0,3,147000
80,9600,"NAmes",1958,"Attchd","RFn",1,"Y",2,1632,0,3,139000
55,7700,"NAmes",1956,"Detchd","Unf",2,"Y",1,1145,0,3,127000
64,6390,"NAmes",1954,"Detchd","Unf",1,"Y",1,984,0,2,112500
61,7328,"SawyerW",2008,"Attchd","RFn",3,"Y",2,1450,0,2,224243
103,12205,"OldTown",1949,,,0,"N",2,1588,0,5,65000
60,10800,"NAmes",1949,"Detchd","Unf",1,"Y",2,832,629,4,133500
86,14598,"Somerst",2007,"BuiltIn","Fin",3,"Y",2,894,1039,4,214000
,9000,"Sawyer",1947,,,0,"N",1,660,0,2,63900
62,7706,"Mitchel",1993,"Attchd","Fin",1,"Y",1,1091,0,2,131250
75,11625,"Sawyer",1967,"Attchd","Fin",1,"Y",1,1052,0,3,113500
75,11625,"Sawyer",1965,"Attchd","Unf",2,"Y",1,1039,0,3,131500
,39384,"NAmes",1957,"Attchd","Unf",2,"Y",1,1390,0,1,252000
60,7200,"OldTown",1940,"Attchd","Unf",1,"Y",1,804,0,2,119000
79,9416,"Somerst",2007,"Attchd","Fin",3,"Y",2,1726,0,3,311872
50,9000,"OldTown",1880,"Detchd","Unf",1,"N",1,1089,661,3,124000
80,10791,"NWAmes",1993,"Attchd","Unf",2,"Y",2,1280,1215,4,243500
50,6060,"IDOTRR",1939,"Detchd","Unf",1,"P",1,772,351,3,100000
,13041,"Gilbert",1995,"Attchd","Fin",2,"Y",2,781,890,3,170000
75,8285,"SawyerW",1992,"Attchd","Fin",2,"Y",2,844,893,3,175000
64,8791,"Somerst",2003,"Attchd","RFn",2,"Y",2,864,864,3,207500
60,8123,"Gilbert",2000,"Attchd","Fin",2,"Y",2,1007,793,3,179000
75,45600,"ClearCr",1908,"Detchd","Unf",2,"Y",3,1307,1051,5,240000
,9500,"NAmes",1963,"Attchd","RFn",2,"Y",1,1394,0,3,159000
50,9000,"IDOTRR",1949,"Detchd","Unf",1,"Y",0,480,0,1,35311
90,33120,"OldTown",1962,"Detchd","Unf",2,"Y",2,1611,875,5,220000
82,11070,"Mitchel",1988,"2Types","Unf",3,"Y",3,1959,0,5,171000
64,7697,"Gilbert",2007,"Attchd","RFn",2,"Y",2,1258,0,3,173500
65,8125,"Somerst",2005,"Attchd","RFn",2,"Y",2,858,858,3,200825
60,5790,"OldTown",1915,"Detchd","Unf",1,"Y",2,840,765,3,107400
56,8398,"OldTown",1910,"Detchd","Unf",2,"N",2,991,659,3,144100
49,20896,"Somerst",2005,"Attchd","Fin",3,"Y",1,2097,0,1,423000
78,12168,"Crawfor",1934,"Basment","Unf",2,"Y",2,1940,1254,4,359100
58,6380,"BrkSide",1922,"Detchd","Unf",1,"Y",1,1048,0,2,113000
93,9382,"CollgCr",1999,"Attchd","RFn",2,"Y",2,1479,0,3,191000
,9763,"GrnHill",1998,"Attchd","Fin",1,"Y",1,1502,0,1,330000
106,11194,"Gilbert",2000,"Attchd","RFn",2,"Y",2,1454,482,3,230500
65,8773,"CollgCr",2004,"Attchd","RFn",2,"Y",2,1414,0,3,185500
72,11072,"NAmes",1965,"Detchd","Unf",2,"Y",2,1728,0,6,145000
70,8163,"NAmes",1959,"Attchd","RFn",1,"Y",1,1144,0,3,143000
60,8544,"NAmes",1950,"Detchd","Unf",2,"Y",2,1040,0,2,93500
112,12217,"Somerst",2007,"Attchd","Fin",3,"Y",2,955,925,3,310013
50,6000,"BrkSide",1937,"Detchd","Unf",1,"Y",2,825,672,3,157000
110,13440,"NridgHt",2006,"BuiltIn","Fin",3,"Y",2,1148,1402,4,338931
,8125,"CollgCr",2002,"Attchd","Unf",3,"Y",2,1654,0,3,230000
75,11310,"NAmes",1954,"Attchd","Unf",2,"Y",1,1375,0,2,140000
50,5250,"OldTown",1872,,,0,"Y",2,938,1215,4,122000
68,50271,"Veenker",1981,"Attchd","Fin",3,"Y",0,1842,0,0,385000
,12546,"NWAmes",1981,"Attchd","Fin",2,"Y",2,1440,0,3,182900
43,12712,"Sawyer",1973,"Attchd","RFn",2,"Y",1,1055,0,2,147000
89,10557,"NoRidge",1998,"Attchd","Fin",3,"Y",2,1671,1407,4,410000
60,7200,"NAmes",1950,"Detchd","Unf",2,"Y",1,1040,0,2,109900
37,3316,"Somerst",2005,"Attchd","Fin",2,"Y",1,1247,0,1,197000
137,16492,"NAmes",1966,"Attchd","Fin",2,"Y",2,1888,0,2,190000
135,12304,"NridgHt",2005,"Attchd","RFn",2,"Y",2,1367,0,2,192000
113,21281,"NAmes",1935,"BuiltIn","Unf",3,"Y",3,1308,1778,4,301600
50,7585,"Edwards",1948,"Detchd","Unf",1,"P",1,1002,454,4,91500
60,8064,"NAmes",1950,"Detchd","Unf",2,"Y",1,765,368,3,128500
,13346,"NoRidge",1992,"Attchd","RFn",2,"Y",2,1166,1129,4,268000
75,7862,"Somerst",2009,"Attchd","Fin",2,"Y",2,1218,0,2,208300
39,3515,"Somerst",2004,"Attchd","RFn",2,"Y",2,840,840,2,190000
70,8145,"CollgCr",2007,"Attchd","RFn",2,"Y",2,738,738,3,179400
26,10943,"NAmes",1997,"Attchd","Fin",2,"Y",2,1337,0,2,177000
,9531,"CollgCr",1998,"Attchd","RFn",2,"Y",2,882,914,3,211000
,8000,"Gilbert",1995,"Attchd","Fin",2,"Y",2,773,885,3,188000
67,8877,"Edwards",1951,"Detchd","Unf",2,"Y",1,1220,0,2,102000
,18275,"NAmes",1962,"Attchd","RFn",2,"Y",3,1900,548,3,277500
,12891,"Gilbert",2002,"BuiltIn","Fin",3,"Y",2,878,1126,4,257500
85,14536,"Timber",2002,"Attchd","Fin",3,"Y",2,1629,0,3,270000
57,10021,"CollgCr",1997,"Attchd","RFn",2,"Y",2,646,662,3,175000
85,10625,"Somerst",2005,"Attchd","Fin",3,"Y",2,1026,932,3,250000
75,12000,"Crawfor",1941,"Attchd","Unf",1,"Y",1,860,704,3,174500
53,7155,"Crawfor",1926,"Detchd","Unf",1,"N",1,686,775,3,135000
92,12003,"Timber",2009,"BuiltIn","Fin",3,"Y",2,774,1194,4,269500
86,11210,"CollgCr",2005,"Attchd","RFn",3,"Y",2,1614,0,3,221500
24,2280,"Somerst",1999,"Detchd","Unf",2,"Y",2,757,744,3,179400
47,4230,"Somerst",2006,"Attchd","RFn",2,"Y",2,1352,0,2,208900
85,9187,"Somerst",2009,"Attchd","Fin",3,"Y",2,1766,0,2,370878
70,11200,"Sawyer",1965,"Detchd","Unf",1,"Y",1,1040,0,3,129500
,16647,"Sawyer",1975,"Basment","Fin",2,"Y",2,1701,0,3,171000
,8965,"Gilbert",2003,"Attchd","Fin",2,"Y",2,806,683,3,192000
60,7134,"NAmes",1955,"Detchd","Unf",2,"Y",1,1360,0,3,130000
50,7175,"SawyerW",1991,"Attchd","RFn",2,"Y",2,1217,0,2,151000
60,8520,"OldTown",1923,"Detchd","Unf",1,"Y",1,792,0,2,99500
68,9724,"NAmes",1952,"Detchd","Unf",2,"Y",2,1929,532,3,197600
87,12361,"SawyerW",1993,"2Types","RFn",4,"Y",2,964,838,3,218000
98,13260,"NAmes",1962,,,0,"Y",2,1728,0,6,84900
60,7436,"NAmes",1960,"Detchd","Unf",2,"Y",1,894,0,2,141500
40,3880,"OldTown",1945,,,0,"Y",1,866,0,2,110500
,8098,"Timber",2000,"Attchd","Unf",2,"Y",2,1403,0,2,202000
,20062,"ClearCr",1977,"Attchd","RFn",2,"Y",1,1483,0,1,270000
81,15593,"ClearCr",1953,"Attchd","Fin",2,"Y",2,1304,983,3,225000
80,9600,"NWAmes",1969,"Attchd","Unf",2,"Y",1,1164,0,3,140000
,10920,"NAmes",1960,"Attchd","RFn",1,"Y",1,1253,0,2,157000
64,12102,"Edwards",1976,"BuiltIn","RFn",2,"Y",1,1033,0,3,165000
73,9802,"Timber",2006,"BuiltIn","Fin",2,"Y",2,744,700,3,174000
,57200,"Timber",1948,"Detchd","Unf",2,"N",1,1687,0,3,160000
70,16561,"CollgCr",1996,"Attchd","Unf",1,"Y",1,1097,0,3,147900
,11515,"Edwards",1958,"Detchd","Unf",1,"N",1,943,0,3,80000
90,10012,"Edwards",1972,"Detchd","RFn",2,"Y",2,1181,0,3,137500
45,8982,"CollgCr",1977,"Detchd","Unf",2,"Y",1,1040,0,3,134900
73,8760,"CollgCr",2006,"Attchd","RFn",3,"Y",2,1391,571,3,239799
70,9605,"Somerst",2006,"Attchd","RFn",3,"Y",2,982,995,3,250000
,9945,"Sawyer",1961,"Detchd","Unf",2,"Y",1,988,0,3,128500
58,8155,"IDOTRR",1930,,,0,"Y",1,780,420,4,119000
76,7630,"OldTown",1900,"Detchd","Unf",2,"N",2,1032,780,4,140000
30,3215,"Somerst",2004,"Detchd","RFn",2,"Y",2,600,600,2,155000
32,4500,"Mitchel",1998,"Attchd","Fin",2,"Y",2,1337,0,2,153500
70,10570,"Crawfor",1932,"Detchd","Unf",2,"Y",2,1549,1178,3,315000
,10900,"CollgCr",1977,"Attchd","Fin",1,"Y",1,689,703,3,161750
64,10475,"CollgCr",2008,"Attchd","RFn",3,"Y",2,1694,0,3,245350
50,6000,"BrkSide",1929,"BuiltIn","RFn",1,"Y",1,950,208,3,120000
43,5005,"StoneBr",1992,"Attchd","RFn",2,"Y",2,1280,0,2,191500
70,8400,"NAmes",1957,"Attchd","RFn",1,"Y",1,1314,0,3,145000
,10624,"NAmes",1964,"Detchd","Unf",1,"Y",2,1728,0,6,119000
60,9000,"NAmes",1971,"Detchd","Unf",2,"Y",1,864,0,3,130000
81,10411,"Somerst",2007,"Attchd","Unf",2,"Y",3,725,863,3,212109
62,10441,"Mitchel",1992,,,0,"Y",1,970,0,3,132000
,9981,"Sawyer",1967,"Attchd","RFn",1,"Y",1,1073,0,3,120000
100,12665,"OldTown",1915,"Detchd","Unf",3,"Y",1,876,540,4,153900
,9650,"Crawfor",1923,"Attchd","Unf",2,"Y",1,819,784,4,138000
,14585,"NAmes",1960,"Attchd","Unf",2,"Y",1,1429,0,3,181900
85,14331,"Timber",2002,"Attchd","Fin",3,"Y",2,1800,0,3,312500
72,16387,"NridgHt",2006,"Attchd","RFn",3,"Y",2,1738,851,4,412083
,13517,"Sawyer",1976,"Attchd","RFn",2,"Y",2,725,754,3,130500
108,13418,"NridgHt",2004,"BuiltIn","Fin",3,"Y",3,1132,1320,4,309000
88,10179,"Gilbert",1997,"Attchd","Fin",2,"Y",2,945,663,3,189500
60,7740,"OldTown",1910,"Detchd","Unf",2,"Y",1,741,622,3,125500
52,8741,"Edwards",1945,"Detchd","Unf",1,"Y",1,798,689,3,113000
105,11025,"NoRidge",1992,"Attchd","RFn",3,"Y",2,1520,1306,3,334000
94,7819,"Edwards",1976,"Detchd","Unf",2,"Y",1,1117,0,3,107000
60,9550,"Crawfor",1915,"Detchd","Unf",3,"Y",1,961,756,3,140000
40,4280,"Crawfor",1913,"Detchd","Unf",1,"P",1,694,0,2,90350
,16669,"Timber",1981,"Attchd","RFn",2,"Y",2,1707,0,2,228000
71,9187,"Mitchel",1983,"Attchd","Unf",2,"Y",1,1080,0,3,134000
55,8250,"Sawyer",1968,"Attchd","Unf",1,"Y",1,1211,0,3,134000
58,9487,"Gilbert",2000,"Attchd","RFn",2,"Y",2,940,750,3,187000
100,34650,"Gilbert",1955,"Attchd","Fin",2,"Y",1,1056,0,3,145000
60,11409,"Edwards",1949,"Attchd","Unf",1,"Y",1,1148,568,3,131000
90,10454,"NAmes",1957,"Detchd","Unf",1,"Y",1,1105,0,3,135000
70,10552,"NAmes",1959,"Attchd","RFn",2,"Y",1,1700,0,4,165500
80,10000,"Mitchel",2002,"Attchd","Fin",3,"Y",2,1392,0,3,215000
80,10400,"NWAmes",1976,"Attchd","Unf",2,"Y",2,1444,0,2,159900
,9610,"NAmes",1958,"Attchd","RFn",2,"Y",1,1336,0,3,162000
80,9760,"NAmes",1963,"Attchd","RFn",2,"Y",1,1395,0,2,192000
42,7614,"OldTown",1905,"Detchd","Unf",1,"N",1,714,662,2,96900
30,4420,"Greens",1980,"Detchd","Fin",2,"Y",1,788,0,1,155000
103,13125,"SawyerW",1991,"Attchd","RFn",3,"Y",2,912,1215,4,238000
68,7942,"NAmes",1953,"Attchd","Fin",1,"Y",1,1040,0,3,136000
32,4500,"Mitchel",1998,"Attchd","Fin",2,"Y",2,1204,0,2,162000
,21453,"ClearCr",1969,"Attchd","Unf",2,"Y",1,988,0,1,180000
61,7577,"NridgHt",2005,"Attchd","RFn",2,"Y",2,1362,0,2,194700
79,13110,"NWAmes",1972,"Attchd","Fin",2,"Y",2,1193,0,2,146500
102,13514,"NridgHt",2008,"Attchd","Fin",3,"Y",2,1808,0,3,324000
70,6960,"Sawyer",1940,"Attchd","Unf",1,"Y",1,798,504,2,165250
60,9600,"OldTown",1920,"2Types","Unf",2,"Y",2,1377,973,4,130000
79,9245,"CollgCr",2006,"Attchd","RFn",2,"Y",2,939,858,3,213500
,7340,"NAmes",1971,"Detchd","Unf",1,"Y",1,858,0,2,110000
79,11449,"Timber",2007,"Attchd","Fin",2,"Y",2,1728,0,3,298751
69,7590,"NAmes",1966,"Attchd","RFn",2,"Y",1,660,688,3,155000
90,22950,"OldTown",1892,"Detchd","Unf",3,"Y",2,1518,1518,4,475000
64,6762,"CollgCr",2007,"Attchd","RFn",2,"Y",2,1290,0,2,200000
,26142,"Mitchel",1962,"Attchd","Unf",1,"P",1,1188,0,3,157900
96,11777,"Sawyer",1966,"Attchd","RFn",2,"Y",1,1320,0,3,164500
110,14977,"NridgHt",2006,"Attchd","RFn",3,"Y",2,1976,0,2,440000
,8885,"Mitchel",1983,"Attchd","Unf",2,"Y",1,902,0,2,131000
69,23580,"Mitchel",1979,"Attchd","Fin",2,"Y",2,1625,0,3,242500
80,8800,"NAmes",1966,"Attchd","RFn",2,"Y",2,1200,0,3,163500
100,14836,"NridgHt",2004,"Attchd","Fin",3,"Y",2,2492,0,2,552000
71,8540,"NAmes",1956,"Detchd","Unf",1,"Y",1,925,0,3,127000
62,7917,"Gilbert",1999,"Attchd","RFn",2,"Y",2,953,694,3,175000
89,8232,"NridgHt",2007,"Attchd","RFn",3,"Y",2,1800,0,2,370967
121,16059,"NoRidge",1991,"Attchd","Unf",2,"Y",2,1301,1116,4,260000
93,11999,"NridgHt",2003,"BuiltIn","Fin",3,"Y",2,1234,1140,4,285000
,7015,"BrkSide",1950,"Detchd","Unf",1,"Y",1,979,224,3,110000
45,6264,"StoneBr",1997,"Attchd","Fin",2,"Y",1,1682,0,1,247900
44,9548,"CollgCr",2003,"Attchd","RFn",2,"Y",2,941,888,3,237000
90,5400,"OldTown",1954,"Detchd","Unf",1,"Y",1,833,0,2,117000
65,7800,"SawyerW",2005,"Attchd","Fin",2,"Y",2,891,795,3,184000
80,10386,"CollgCr",2004,"Attchd","Fin",3,"Y",2,2000,0,3,305900
70,8749,"CollgCr",2003,"Attchd","RFn",2,"Y",2,992,940,3,213000
71,12209,"Mitchel",2001,"BuiltIn","Fin",2,"Y",2,804,1157,3,215000
75,8778,"Somerst",2006,"BuiltIn","RFn",3,"Y",2,1302,528,3,221300
57,12853,"Somerst",2010,"Attchd","RFn",3,"Y",1,1418,0,1,267916
,10246,"Sawyer",1965,"Attchd","Unf",1,"Y",0,960,0,0,145000
90,9900,"NoRidge",1993,"Attchd","RFn",3,"Y",2,1372,1274,4,260000
50,8340,"CollgCr",1977,"Attchd","Unf",1,"Y",1,686,702,3,157500
50,8405,"Edwards",1945,"Detchd","Unf",1,"N",2,1088,441,4,98000
75,10215,"Edwards",1954,"Attchd","Unf",1,"Y",1,948,0,3,111000
,12224,"Gilbert",2000,"BuiltIn","RFn",2,"Y",2,1022,1032,3,244000
,24682,"Gilbert",1999,"BuiltIn","Fin",2,"Y",2,892,783,3,181000
69,5805,"OldTown",1957,"Detchd","Unf",2,"Y",1,1347,0,3,143000
80,9547,"NWAmes",1993,"Attchd","RFn",2,"Y",2,1594,0,2,188500
75,10125,"Mitchel",1977,"Detchd","Unf",2,"Y",2,1279,0,3,171500
,5100,"OldTown",1925,"Detchd","Unf",1,"Y",1,833,833,3,161000
90,11367,"CollgCr",2002,"Attchd","Fin",2,"Y",2,1091,898,3,255000
75,11380,"NAmes",1966,"Attchd","Unf",1,"Y",1,1128,0,2,178000
,7425,"BrkSide",1945,"Attchd","Unf",1,"Y",1,1195,473,3,108000
110,16163,"NridgHt",2004,"Attchd","Fin",3,"Y",2,1618,0,2,252000
52,51974,"StoneBr",2006,"Attchd","Fin",3,"Y",2,2338,0,4,591587
65,16219,"Gilbert",2004,"Attchd","Fin",2,"Y",2,1119,0,2,188500
61,7658,"NridgHt",2005,"Attchd","RFn",2,"Y",2,1752,0,2,319900
,16698,"ClearCr",1992,"Attchd","Unf",2,"Y",2,944,815,3,233500
65,12438,"CollgCr",1995,"Attchd","RFn",2,"Y",2,795,704,3,187000
60,8400,"SawyerW",1977,"Detchd","Unf",2,"Y",2,2020,0,4,144000
34,4590,"NridgHt",2006,"Attchd","RFn",2,"Y",2,1554,0,2,209500
50,7689,"Mitchel",1972,"Detchd","Unf",1,"Y",1,796,0,2,131900
52,6240,"BrkSide",1930,"Detchd","Unf",1,"Y",1,1014,412,3,131750
64,7406,"CollgCr",2006,"Attchd","RFn",2,"Y",2,1220,0,2,194000
90,5400,"OldTown",1940,,,0,"N",1,599,0,2,59000
,9233,"NoRidge",2000,"Attchd","RFn",3,"Y",2,1540,1315,4,405000
68,11250,"CollgCr",2001,"Attchd","RFn",2,"Y",2,920,866,3,223500
65,8125,"Somerst",2006,"Attchd","Fin",2,"Y",2,1112,438,2,241000
58,6451,"OldTown",1900,"Detchd","Fin",2,"Y",1,848,580,4,139900
,17529,"Sawyer",1924,"Detchd","Unf",1,"N",1,872,0,2,105000
80,10197,"NAmes",1961,"Attchd","Unf",2,"Y",1,1362,0,3,163000
80,9600,"NWAmes",1973,"Attchd","Unf",2,"Y",1,1242,0,3,175500
63,9750,"Sawyer",1962,"Detchd","Unf",2,"Y",1,980,0,3,110000
80,9600,"NAmes",1961,"Attchd","Unf",2,"Y",1,1433,0,3,161000
88,11394,"StoneBr",2010,"Attchd","Fin",3,"Y",1,1856,0,1,394432
,6615,"BrkSide",1923,"BuiltIn","Unf",1,"Y",1,1432,0,3,149000
73,7321,"Somerst",1999,"Detchd","Unf",2,"Y",2,1358,0,3,204000
80,8800,"NAmes",1965,"Attchd","RFn",1,"Y",2,1565,0,3,185900
48,5911,"NridgHt",2005,"Attchd","RFn",2,"Y",2,1565,0,2,282500
53,5362,"Crawfor",1910,"Detchd","Unf",2,"Y",2,661,589,3,139000
43,3203,"Blmngtn",2006,"Attchd","Fin",2,"Y",2,1145,0,2,160000
103,11175,"CollgCr",2007,"Attchd","Fin",2,"Y",2,1316,0,3,200141
95,14250,"NAmes",1957,"Attchd","Fin",2,"Y",2,1790,0,3,180000
40,14330,"CollgCr",1975,"Attchd","Fin",2,"Y",2,1558,0,2,163000
65,11700,"OldTown",1880,"Detchd","Unf",4,"N",1,1320,1320,4,265979
77,11198,"StoneBr",2005,"BuiltIn","Fin",3,"Y",2,1134,1370,4,325000
50,9000,"OldTown",1890,"Detchd","Unf",2,"N",3,1157,1111,3,240000
59,4282,"Somerst",2004,"Attchd","RFn",2,"Y",2,1391,0,2,196000
64,9045,"CollgCr",2005,"Attchd","Fin",2,"Y",2,768,768,3,167000
79,10646,"Somerst",2001,"Attchd","Fin",2,"Y",2,872,917,3,223000
128,12160,"NAmes",1953,"Attchd","RFn",2,"Y",1,1505,0,2,149500
60,10800,"Edwards",1987,,,0,"Y",3,1200,0,3,179000
110,14257,"NridgHt",2007,"BuiltIn","Fin",3,"Y",3,1794,978,4,462000
85,14115,"Mitchel",1993,"Attchd","Unf",2,"Y",1,796,566,1,143000
,11241,"NAmes",1970,"Attchd","Fin",2,"Y",1,1004,0,2,149000
79,7801,"Crawfor",1951,"Attchd","Fin",1,"Y",1,1091,0,2,104000
50,14859,"Gilbert",2006,"Attchd","RFn",3,"Y",2,1670,0,3,240000
75,13125,"CollgCr",1997,"Attchd","Fin",2,"Y",2,1493,0,3,208900
50,6125,"BrkSide",1939,"Detchd","Unf",1,"Y",2,728,546,3,135000
69,9337,"CollgCr",1997,"Attchd","RFn",2,"Y",2,905,881,3,204750
90,14684,"SawyerW",1990,"Attchd","RFn",3,"Y",2,2196,0,3,271900
,12968,"Sawyer",1962,"Detchd","Unf",1,"Y",1,912,0,2,144000
55,5350,"BrkSide",1940,,,0,"Y",1,1306,0,3,76500
43,3182,"Blmngtn",2005,"Attchd","Fin",2,"Y",2,1504,0,2,191000
75,7500,"Sawyer",1963,"Attchd","Fin",1,"Y",1,1040,0,3,133000
82,9950,"NoRidge",1995,"Attchd","RFn",3,"Y",2,1214,1306,4,290000
,12728,"CollgCr",2001,"Attchd","Fin",2,"Y",2,1531,908,4,275000
80,8000,"NWAmes",1970,"Attchd","RFn",2,"Y",2,1403,1008,4,240050
86,10380,"SawyerW",1986,"Attchd","Fin",2,"Y",2,1553,1177,4,301000
,7830,"NAmes",1970,"Attchd","RFn",2,"Y",1,1180,0,2,128000
60,8544,"NAmes",1950,"Detchd","Unf",2,"Y",2,1040,0,2,92900
80,10400,"NWAmes",1970,"Attchd","Unf",2,"Y",2,1682,0,3,174000
85,10000,"Somerst",2006,"Attchd","RFn",3,"Y",2,1588,0,3,227000
98,11428,"NridgHt",2006,"Attchd","RFn",3,"Y",2,1634,0,3,250000
65,8385,"Mitchel",1978,"2Types","Unf",2,"Y",2,1664,0,4,145000
24,2280,"NPkVill",1976,"Attchd","Unf",2,"Y",2,855,601,3,148500
60,7200,"OldTown",1920,"Detchd","Unf",2,"N",1,998,764,4,157000
80,12984,"Crawfor",1977,"Attchd","Fin",2,"Y",2,1647,0,3,217500
56,4480,"OldTown",1922,"Detchd","Unf",1,"N",1,1022,0,2,89500
,10200,"Sawyer",1970,"2Types","Unf",3,"Y",1,904,0,3,144000
,11027,"NAmes",1954,"Attchd","RFn",2,"Y",2,1293,0,2,149900
70,10150,"NAmes",1958,"Attchd","RFn",1,"Y",1,912,0,2,114500
51,6120,"BrkSide",1930,"Detchd","Unf",1,"Y",1,728,434,3,75000
60,10950,"NAmes",1952,"Detchd","Unf",1,"Y",1,1064,0,2,135000
21,1476,"MeadowV",1970,,,0,"Y",1,546,546,3,76000
120,9560,"CollgCr",1972,"Attchd","RFn",1,"Y",1,864,0,3,128500
74,8532,"NAmes",1954,"Attchd","Fin",2,"Y",1,1297,0,3,153000
60,9000,"NAmes",1974,,,0,"Y",2,896,896,4,136000
43,7000,"SWISU",1926,"Detchd","Unf",1,"Y",1,743,736,3,160000
60,7230,"Crawfor",1927,"Detchd","Unf",2,"Y",2,867,851,4,238000
,13700,"NAmes",1965,"Attchd","Unf",2,"Y",1,902,918,4,201800
21,1504,"MeadowV",1972,"Attchd","Unf",1,"Y",1,546,546,3,85500
,11885,"CollgCr",2001,"BuiltIn","RFn",2,"Y",2,1299,573,3,261500
,32463,"Mitchel",1961,"2Types","Fin",4,"Y",1,1622,0,3,168000
60,10122,"OldTown",1948,"Detchd","Unf",1,"N",1,869,0,1,89900
64,11067,"IDOTRR",1939,"Detchd","Unf",1,"N",1,640,0,1,68104
149,19958,"Timber",1958,"Attchd","RFn",2,"Y",2,2279,0,4,257000
80,11600,"NAmes",1960,"Attchd","RFn",1,"Y",1,1383,0,3,145250
60,8520,"IDOTRR",1916,,,0,"N",1,576,360,2,78000
84,17808,"Edwards",1946,"Attchd","Unf",1,"N",1,1242,0,2,109900
52,7830,"OldTown",1921,"Detchd","Unf",1,"N",1,492,0,1,61500
68,4080,"OldTown",1935,"Detchd","Unf",1,"P",1,861,517,3,128900
70,6300,"SWISU",1938,"Basment","Unf",1,"Y",1,832,436,3,160000
60,7200,"NAmes",1954,"Attchd","Unf",1,"Y",1,825,0,2,109500
60,7350,"NAmes",1951,"Detchd","Unf",2,"Y",1,952,0,2,139000
,5814,"StoneBr",1984,"Attchd","RFn",2,"Y",1,1360,0,1,187500
,11717,"NWAmes",1970,"Attchd","RFn",2,"Y",2,1442,0,2,185000
60,6324,"BrkSide",1927,"Detchd","Unf",1,"Y",1,520,0,1,68500
73,9590,"Timber",2003,"Attchd","Fin",2,"Y",2,1146,0,3,187500
74,8899,"NridgHt",2007,"BuiltIn","Fin",3,"Y",2,948,1140,4,250000
63,11426,"OldTown",2003,"Detchd","Unf",2,"N",2,1362,720,3,200000
21,1900,"MeadowV",1970,,,0,"Y",1,546,546,3,88250
,12388,"NWAmes",1980,"BuiltIn","RFn",2,"Y",2,1539,1134,4,249000
50,5190,"Edwards",1948,"Attchd","Unf",1,"Y",1,617,462,2,125600
85,11475,"NWAmes",1975,"Attchd","RFn",2,"Y",2,811,741,3,179900
51,6120,"BrkSide",1936,"Detchd","Unf",2,"Y",1,1067,472,3,141500
78,12090,"NWAmes",1981,"Attchd","RFn",2,"Y",2,725,754,3,176000
70,7728,"NAmes",1962,"Attchd","Unf",2,"Y",1,1190,0,3,132500
68,9520,"Edwards",1953,"Attchd","RFn",1,"Y",1,930,0,2,99000
168,23257,"Gilbert",2006,"BuiltIn","RFn",2,"Y",2,887,1134,3,274725
,6291,"IDOTRR",1930,"Detchd","Unf",2,"N",1,768,0,1,93850
62,7984,"Gilbert",2004,"BuiltIn","Fin",2,"Y",2,868,762,3,189500
42,4385,"Somerst",2001,"Attchd","Fin",2,"Y",1,1419,0,2,290000
,2117,"Somerst",2000,"Detchd","Unf",2,"Y",2,769,756,3,177000
41,5748,"Crawfor",2005,"Attchd","Fin",2,"Y",2,1778,0,2,375000
81,8170,"Crawfor",1929,"Detchd","Unf",2,"Y",2,1122,549,4,218000
,3950,"OldTown",1926,"Detchd","Unf",1,"N",1,818,406,3,115000
70,9100,"NAmes",1960,"Attchd","RFn",1,"Y",1,1144,0,3,120000
,8900,"SawyerW",1966,"Detchd","Unf",1,"Y",1,1056,0,2,107000
52,9022,"OldTown",1924,"Detchd","Unf",1,"N",1,792,0,2,109500
70,9247,"NAmes",1962,"Attchd","Fin",2,"Y",1,858,858,4,171000
80,11844,"StoneBr",2008,"Attchd","Fin",3,"Y",2,2046,0,3,372500
87,11084,"Gilbert",2004,"BuiltIn","Fin",2,"Y",2,744,630,3,175000
52,5720,"OldTown",1941,"Detchd","Unf",1,"Y",1,676,455,3,66500
,12800,"SawyerW",1989,"Attchd","Fin",2,"Y",2,1644,0,2,275000
81,14175,"Sawyer",1956,"Attchd","Unf",1,"Y",1,1375,0,3,187000
75,10382,"NAmes",1958,"Attchd","RFn",1,"Y",1,1095,0,2,140000
53,4043,"NPkVill",1977,"Attchd","RFn",2,"Y",2,1069,0,2,127500
87,11146,"NridgHt",2006,"Attchd","RFn",3,"Y",2,1717,0,3,255500
65,8125,"Somerst",2005,"Attchd","RFn",2,"Y",2,756,797,3,186500
64,8334,"CollgCr",2006,"Attchd","Fin",2,"Y",2,1330,0,3,167840
51,10480,"SWISU",1936,"Detchd","Unf",1,"Y",1,1166,0,3,115000
96,12474,"NridgHt",2007,"BuiltIn","Fin",3,"Y",2,1742,590,3,426000
50,5000,"BrkSide",1941,"Detchd","Unf",1,"P",1,832,378,3,124000
80,9600,"NAmes",1950,"Attchd","Unf",1,"Y",1,1032,220,3,119000
49,15218,"Somerst",2006,"Attchd","RFn",3,"Y",2,1670,0,2,336820
50,6000,"BrkSide",1948,"Detchd","Unf",1,"P",1,780,636,3,139900
313,27650,"NAmes",1960,"Attchd","RFn",2,"Y",2,2069,0,4,242000
123,47007,"Edwards",1959,"Attchd","Unf",2,"Y",3,3820,0,5,284700
92,11932,"Somerst",2007,"Attchd","RFn",3,"Y",2,1580,0,3,235128
60,8172,"Edwards",1954,"Detchd","Unf",1,"Y",2,997,473,4,135000
60,7200,"NAmes",1950,"Detchd","Unf",2,"Y",1,1040,0,2,109500
60,8250,"NAmes",1963,"2Types","RFn",2,"Y",1,1053,0,3,142100
60,7200,"NAmes",1951,"Detchd","Unf",2,"Y",1,900,0,3,134800
72,8640,"Somerst",2007,"Attchd","Fin",2,"Y",2,1372,0,3,250580
60,7626,"NAmes",1952,"Attchd","Unf",1,"Y",1,1031,0,2,145500
129,16737,"NridgHt",2004,"Attchd","Fin",3,"Y",2,1980,0,3,315000
32,4500,"Mitchel",1997,"Attchd","RFn",2,"Y",2,1189,0,2,160500
78,10140,"NWAmes",1976,"Attchd","RFn",2,"Y",2,832,832,4,162900
60,10320,"IDOTRR",1906,"Detchd","Unf",1,"Y",1,756,713,3,135000
59,9171,"Gilbert",2004,"Attchd","Fin",2,"Y",2,848,750,3,201490
63,7500,"SawyerW",2004,,,0,"Y",1,1080,0,3,141000
,1700,"ClearCr",1980,"Basment","Fin",1,"Y",2,880,680,2,148400
150,14137,"Mitchel",1964,"2Types","Fin",3,"Y",1,1200,0,3,173000
70,10500,"NAmes",1971,"Detchd","Unf",2,"Y",1,864,0,2,97000
60,7332,"NAmes",1959,"Attchd","Unf",1,"Y",1,864,0,2,120000
60,13680,"Crawfor",1940,"Detchd","Unf",2,"Y",1,840,727,2,205000
75,9000,"IDOTRR",1958,"Attchd","Fin",1,"Y",2,1151,804,4,165500
68,9571,"Edwards",1956,"Attchd","Unf",1,"Y",1,1073,0,2,121500
85,10936,"Somerst",2006,"Attchd","Fin",2,"Y",2,1504,0,3,199000
35,3675,"Edwards",2005,"Basment","Fin",2,"Y",1,1072,0,2,145000
65,8127,"Somerst",2003,"Attchd","RFn",2,"Y",2,812,841,3,209000
60,8520,"OldTown",1923,"Detchd","Unf",2,"N",1,968,0,2,100000
75,9000,"NWAmes",1969,"Attchd","Unf",1,"Y",1,1216,0,3,113000
60,5400,"OldTown",1920,,,0,"N",1,1027,0,2,120000
76,11355,"NAmes",1958,"Attchd","RFn",2,"Y",1,1312,0,3,186000
57,21872,"Gilbert",1996,"Attchd","Unf",2,"Y",2,729,717,3,175000
57,8918,"Gilbert",2005,"Attchd","Fin",2,"Y",2,745,745,3,167800
78,9317,"CollgCr",2006,"Attchd","RFn",2,"Y",2,1314,0,3,176432
72,11317,"CollgCr",2003,"Attchd","RFn",2,"Y",2,840,828,3,180000
57,9184,"OldTown",1948,"Detchd","Unf",2,"Y",1,948,375,3,122600
38,14963,"Veenker",1996,"Attchd","Fin",2,"Y",1,1288,0,1,245500
98,12704,"NridgHt",2007,"Attchd","Fin",3,"Y",2,1582,0,3,317500
60,8967,"IDOTRR",1920,"Detchd","Unf",1,"N",1,1077,0,2,67000
,6820,"StoneBr",1985,"Attchd","RFn",2,"Y",1,1502,0,1,212000
67,8777,"Edwards",1949,"Detchd","Fin",2,"N",2,1126,0,2,108000
30,5330,"Somerst",2006,"Attchd","Fin",2,"Y",2,1550,0,2,207500
115,10500,"NAmes",1964,"Detchd","Unf",2,"Y",1,1292,0,3,145100
,8803,"Gilbert",1994,"Attchd","Fin",2,"Y",2,707,809,3,181316
24,2160,"BrDale",1973,"Attchd","Unf",2,"Y",1,765,600,3,125500
68,9928,"OldTown",1915,"Detchd","Unf",1,"N",2,1272,672,3,179900
,14217,"CollgCr",1994,"Detchd","Unf",2,"Y",1,1022,0,3,139500
53,9863,"OldTown",1927,"Detchd","Unf",1,"Y",1,914,728,4,145000
50,8012,"SawyerW",1993,"Attchd","RFn",2,"Y",2,1617,0,2,193000
85,10200,"NAmes",1974,"Attchd","RFn",2,"Y",2,1434,0,4,157000
98,12328,"StoneBr",2005,"BuiltIn","Fin",3,"Y",3,1164,1377,4,349265
21,1680,"BrDale",1971,,,0,"N",1,672,546,3,91500
42,4235,"Edwards",1984,"Attchd","Fin",1,"Y",2,1049,0,2,139500
62,7500,"Somerst",2007,"Attchd","Fin",2,"Y",2,1218,0,2,230348
,11425,"NAmes",1954,"Attchd","RFn",1,"Y",1,1008,0,2,137000
63,8402,"Gilbert",1998,"Attchd","Fin",2,"Y",2,789,676,3,180400
53,6360,"BrkSide",1942,"Detchd","Unf",1,"Y",1,955,498,3,132000
,5700,"OldTown",1926,"Detchd","Unf",1,"Y",1,572,539,2,116900
21,1890,"BrDale",1972,"Detchd","Unf",1,"Y",1,483,504,2,100500
57,8094,"OldTown",1915,"Detchd","Unf",2,"Y",2,1048,720,3,155000
81,11841,"Edwards",1990,,,0,"Y",1,816,0,3,118500
,7980,"Gilbert",1992,"Attchd","Fin",2,"Y",2,1187,0,3,185000
60,10560,"OldTown",1922,"Detchd","Unf",2,"Y",1,868,602,2,140750
51,6120,"BrkSide",1926,"Detchd","Unf",2,"Y",1,903,378,2,132500
87,10725,"NAmes",1959,"Attchd","RFn",1,"Y",1,1206,0,3,108538
60,6000,"OldTown",1905,,,0,"N",1,884,656,3,129400
98,12704,"NridgHt",2008,"Attchd","RFn",3,"Y",2,2042,0,3,253293
80,9938,"SawyerW",1994,"Attchd","RFn",2,"Y",2,1626,0,3,226500
21,1680,"BrDale",1972,"Attchd","Unf",1,"Y",1,483,504,2,94500
60,12900,"Sawyer",1920,"CarPort","Unf",2,"Y",1,1140,0,3,95541
,12250,"CollgCr",1978,"Attchd","Unf",2,"Y",1,1174,0,3,158000
79,10289,"NAmes",1965,"Attchd","RFn",2,"Y",1,1073,0,3,156000
43,12118,"Mitchel",2004,"Attchd","Fin",2,"Y",2,1710,0,3,240000
65,10926,"Edwards",1959,,,0,"Y",2,1678,0,6,119900
50,7420,"BrkSide",1939,"Attchd","RFn",1,"Y",1,1077,0,2,118000
60,7500,"Gilbert",1998,"Attchd","Fin",2,"Y",2,952,684,3,191000
85,6970,"Sawyer",1961,"Attchd","RFn",2,"Y",1,1120,0,3,129000
85,10560,"SawyerW",1993,"Attchd","RFn",2,"Y",2,1079,800,3,239900
70,10519,"Edwards",1955,"Attchd","Unf",1,"Y",1,1057,0,3,137000
77,9320,"NAmes",1959,,,0,"Y",1,1225,0,3,128950
90,7407,"OldTown",1957,"Attchd","Unf",2,"Y",1,1236,0,2,149700
,11000,"NAmes",1966,"Attchd","RFn",2,"Y",1,1154,0,3,154000
70,7315,"NAmes",1958,"Attchd","RFn",1,"Y",1,1170,0,3,140000
70,7000,"NAmes",1962,"Attchd","Unf",1,"Y",1,864,0,3,105000
95,15865,"NAmes",1970,"Attchd","Unf",2,"Y",2,2217,0,4,268000
91,11778,"CollgCr",2008,"Attchd","RFn",3,"Y",2,2276,0,3,475000
,12099,"NAmes",1953,"Attchd","Unf",1,"Y",1,1216,0,3,156000
60,8430,"CollgCr",1978,,,0,"Y",2,1040,0,3,124000
60,10266,"IDOTRR",1952,"Detchd","Unf",1,"Y",1,768,768,4,136000
60,7200,"CollgCr",1972,"Detchd","Unf",2,"Y",1,875,0,3,117000
50,6000,"OldTown",1957,"Attchd","Fin",1,"Y",1,928,0,3,112500
70,8304,"SawyerW",1997,"Attchd","RFn",2,"Y",2,941,896,3,187000
50,8480,"SawyerW",1993,"Attchd","RFn",2,"Y",2,886,794,3,163000
,3696,"StoneBr",1986,"Attchd","RFn",2,"Y",1,1088,0,2,170000
75,8250,"SawyerW",1981,"Attchd","Unf",2,"Y",2,964,918,4,160000
21,1890,"MeadowV",1976,"Attchd","Unf",1,"Y",1,546,546,3,75190
,9375,"CollgCr",1997,"Attchd","RFn",2,"Y",2,1057,977,3,219500
75,9375,"CollgCr",1997,"Attchd","Fin",2,"Y",2,1044,1054,4,240000
79,10208,"NoRidge",1996,"Attchd","RFn",3,"Y",2,1277,1067,3,265000
24,2645,"Somerst",1999,"Attchd","Fin",2,"Y",2,983,756,3,172500
,8121,"Gilbert",2000,"Attchd","RFn",2,"Y",2,953,711,3,172400
62,10042,"Edwards",1920,"Detchd","Unf",1,"Y",1,740,125,2,108500
129,16870,"NridgHt",2004,"Attchd","Fin",3,"Y",2,1782,0,3,296000
90,15750,"Crawfor",1953,"Attchd","Unf",1,"Y",1,1336,0,2,157000
,14541,"NoRidge",1993,"Attchd","RFn",3,"Y",2,1352,1168,5,310000
78,11700,"NWAmes",1968,"Attchd","RFn",2,"Y",1,1152,0,3,143450
72,9360,"Mitchel",1977,"Attchd","RFn",2,"Y",1,1287,0,2,173000
75,9750,"NWAmes",1965,"Detchd","Unf",2,"Y",2,1625,0,4,140500
59,7837,"Gilbert",1993,"Attchd","RFn",2,"Y",2,799,772,3,178000
70,8400,"Sawyer",1966,"Detchd","Unf",1,"Y",1,913,0,3,129000
68,9017,"CollgCr",1999,"Attchd","Fin",2,"Y",2,1431,0,3,192000
79,10634,"NAmes",1953,"Attchd","Unf",1,"Y",1,1319,0,3,123000
70,9370,"SawyerW",1992,"Attchd","RFn",2,"Y",2,844,887,3,248500
40,3876,"Greens",1978,"Attchd","Fin",2,"Y",1,1226,0,1,170000
56,18559,"NWAmes",1978,"Attchd","Fin",2,"Y",2,2064,0,3,235000
24,2160,"Somerst",1999,"Detchd","Unf",2,"Y",2,624,628,2,160000
95,10324,"CollgCr",2008,"Attchd","RFn",3,"Y",2,1254,0,2,221800
60,10440,"OldTown",1904,"Detchd","Unf",2,"P",2,958,581,3,157500
70,12702,"OldTown",1956,"Detchd","Unf",1,"Y",1,882,0,2,97000
51,8029,"Gilbert",2005,"Attchd","Fin",2,"Y",2,728,728,3,176000
101,14215,"NridgHt",2005,"BuiltIn","RFn",3,"Y",3,1158,1218,4,325300
98,16033,"NridgHt",2004,"Attchd","Fin",3,"Y",2,1850,0,3,326000
50,6000,"BrkSide",1940,"Detchd","Unf",1,"Y",1,1014,658,3,164900
51,6120,"BrkSide",1938,"Detchd","Unf",1,"Y",2,994,588,3,150000
81,11216,"Somerst",2006,"Attchd","RFn",2,"Y",2,1489,0,3,232600
50,8765,"IDOTRR",1936,"Detchd","Unf",1,"Y",1,951,0,2,106500
74,9990,"Mitchel",1991,"Attchd","Unf",2,"Y",2,1689,0,3,228500
59,5568,"Crawfor",2006,"Attchd","Fin",2,"Y",2,1625,0,2,375000
50,7175,"SawyerW",1990,"Attchd","RFn",2,"Y",2,1398,0,2,172000
62,7006,"IDOTRR",1925,"Detchd","Unf",1,"Y",2,788,448,3,127000
74,9620,"Mitchel",1977,"Attchd","Unf",2,"Y",2,1285,0,3,190000
53,6720,"Crawfor",1921,"Detchd","Unf",1,"Y",1,851,585,3,141500
,10364,"Gilbert",1995,"BuiltIn","Fin",2,"Y",2,806,766,3,168000
50,7000,"IDOTRR",1926,"Detchd","Fin",2,"Y",1,861,424,3,145400
65,8450,"CollgCr",2003,"Attchd","RFn",2,"Y",2,856,854,3,208500
88,7990,"CollgCr",1975,"Detchd","Unf",1,"Y",1,924,0,3,110000
49,5820,"OldTown",1955,"Attchd","Unf",1,"Y",1,1163,0,3,126175
67,8777,"Edwards",1910,,,0,"P",1,796,0,2,85000
102,12671,"ClearCr",1954,"Attchd","Fin",2,"Y",3,2422,0,4,255000
67,10656,"Timber",2006,"Attchd","RFn",3,"Y",2,1646,0,3,248900
80,9250,"NAmes",1954,"Attchd","Unf",1,"Y",1,1056,0,3,139400
80,10800,"NWAmes",1963,"Attchd","Fin",1,"Y",1,1052,0,3,127000
75,11235,"Sawyer",1964,"Detchd","Unf",2,"Y",1,1452,0,2,158450
,12513,"NAmes",1920,"Attchd","Unf",1,"Y",2,1281,457,4,104900
80,8700,"NAmes",1963,"Attchd","RFn",2,"Y",2,1128,0,3,155000
100,21750,"Mitchel",1954,"Attchd","RFn",2,"N",1,988,0,2,113000
,7939,"SawyerW",2000,"BuiltIn","Fin",4,"Y",4,1168,1619,6,269500
70,9100,"Sawyer",1963,"Detchd","Unf",2,"Y",2,1728,0,6,125000
79,9492,"NAmes",1941,"Attchd","Unf",1,"Y",1,968,408,3,105000
65,6040,"Edwards",1955,,,0,"N",2,1152,0,2,82000
88,11134,"NoRidge",1992,"Attchd","RFn",3,"Y",2,1402,823,4,285000
60,7200,"NAmes",1951,"Detchd","Unf",2,"Y",1,876,0,2,94000
61,8800,"CollgCr",1977,"Detchd","Unf",2,"Y",2,1040,0,3,150500
,8396,"Gilbert",2003,"BuiltIn","Fin",2,"Y",2,847,1139,4,213000
65,7150,"NAmes",1966,"Detchd","Unf",1,"Y",1,988,0,3,129250
75,10425,"NAmes",1956,"Attchd","RFn",1,"Y",1,1104,0,3,133000
95,13618,"Timber",2005,"Attchd","Fin",3,"Y",2,1960,0,3,320000
60,6000,"BrkSide",1924,"Attchd","Fin",1,"Y",1,822,320,3,93000
,2117,"Somerst",2000,"Detchd","Unf",2,"Y",2,756,756,2,168500
85,11103,"CollgCr",2006,"Attchd","Fin",2,"Y",2,728,728,3,155835
,14067,"Gilbert",1991,"Attchd","Fin",2,"Y",2,851,858,3,185000
58,10110,"NridgHt",2008,"Attchd","Fin",3,"Y",2,1866,0,2,336860
78,10335,"Sawyer",1968,"Attchd","RFn",2,"Y",2,1721,0,3,180000
60,10200,"IDOTRR",1925,"Detchd","Unf",1,"N",1,572,0,2,75000
69,11737,"BrkSide",1924,"Detchd","Unf",1,"Y",1,1017,810,2,202500
21,1526,"MeadowV",1970,"Attchd","Unf",1,"Y",1,630,0,1,86000
34,3903,"NridgHt",2005,"Attchd","RFn",2,"Y",1,1302,0,1,200000
51,6171,"SWISU",1925,"Detchd","Unf",1,"Y",2,1160,448,3,137450
71,9230,"NAmes",1965,"Detchd","Unf",2,"Y",1,1200,0,1,146000
34,3628,"Somerst",2004,"Attchd","RFn",2,"Y",1,1143,0,1,176400
77,9206,"SawyerW",1985,"Attchd","Fin",2,"Y",2,977,755,3,178000
44,3843,"Crawfor",2007,"Attchd","Fin",2,"Y",2,1648,0,2,230000
80,13384,"Mitchel",1969,"Attchd","RFn",1,"Y",1,1360,0,3,140000
150,215245,"Timber",1965,"Attchd","RFn",2,"Y",2,2036,0,3,375000
65,8944,"NAmes",1967,"Detchd","Unf",3,"Y",2,1584,0,4,124000
21,1890,"MeadowV",1972,,,0,"Y",1,630,0,1,81000
21,1680,"BrDale",1972,"Detchd","Unf",1,"Y",1,483,504,2,97000
,15295,"CollgCr",1996,"Attchd","RFn",2,"Y",2,1212,780,3,211000
54,7223,"Crawfor",1926,"Detchd","Unf",1,"Y",1,1422,0,3,136500
,7010,"BrkSide",1935,"Detchd","Unf",1,"P",2,1144,594,3,153000
55,5687,"SWISU",1912,,,0,"N",2,936,780,6,135900
70,10759,"Sawyer",1972,"Detchd","Unf",2,"Y",2,1001,640,4,140000
63,10475,"Mitchel",1991,"Detchd","Unf",2,"Y",1,624,650,3,136000
78,10140,"NWAmes",1974,"Attchd","RFn",2,"Y",2,1350,0,3,165000
,12285,"NAmes",1960,"Attchd","Unf",2,"Y",1,1329,0,3,176000
60,6756,"OldTown",1910,"Detchd","Unf",1,"P",1,899,0,2,78000
85,11058,"CollgCr",2007,"Attchd","RFn",3,"Y",2,1564,0,3,218836
,10825,"NWAmes",1983,"Attchd","Unf",2,"Y",2,1260,0,3,181900
72,8640,"Somerst",2007,"Attchd","Fin",2,"Y",2,896,896,3,255000
70,7000,"NAmes",1962,,,0,"Y",1,1025,0,3,124000
,5271,"ClearCr",1986,"Attchd","RFn",2,"Y",1,1453,0,2,190000
60,8520,"OldTown",1928,"Detchd","Unf",2,"Y",1,720,0,2,105900
72,10463,"Gilbert",2005,"Attchd","Fin",3,"Y",2,901,900,3,239900
80,10032,"NAmes",1959,"Attchd","Unf",2,"Y",1,1580,0,3,159500
60,6204,"SWISU",1912,"Detchd","Unf",1,"Y",1,954,795,5,118500
73,9803,"Timber",2009,"Attchd","RFn",2,"Y",2,1214,0,2,179781
,13869,"Gilbert",1997,"Attchd","Fin",2,"Y",2,794,676,3,177000
77,9786,"NAmes",1962,"Attchd","RFn",2,"Y",1,1085,649,3,159000
42,14892,"Gilbert",2006,"Attchd","Fin",3,"Y",2,1746,0,3,377500
60,7879,"IDOTRR",1920,,,0,"N",1,720,0,2,34900
75,9532,"NAmes",1953,"Attchd","Fin",1,"Y",1,1647,0,3,153000
61,7380,"StoneBr",1998,"Attchd","Fin",2,"Y",2,1478,0,2,240000
80,8000,"NAmes",1959,"Attchd","RFn",1,"Y",1,1183,0,3,138000
59,8263,"IDOTRR",1920,"Detchd","Unf",1,"Y",1,1012,0,2,118400
77,8335,"Edwards",1954,,,0,"N",1,1124,0,3,93000
88,11443,"Timber",2005,"Attchd","RFn",3,"Y",2,2028,0,2,369900
60,10800,"OldTown",1939,"Detchd","Unf",2,"Y",2,676,676,4,149000
21,1680,"BrDale",1972,"Detchd","Unf",1,"Y",1,672,546,3,118000
60,8088,"Edwards",1922,"Detchd","Unf",1,"N",1,498,0,1,35000
,13006,"Gilbert",1997,"BuiltIn","Fin",2,"Y",2,993,1243,4,222000
86,11500,"Crawfor",1936,"Attchd","Fin",1,"Y",1,1020,1037,3,250000
,10532,"ClearCr",1960,"Basment","Unf",2,"Y",2,1721,0,3,145000
67,8308,"Edwards",1963,"Detchd","Unf",2,"P",1,1088,0,2,110000
50,5633,"OldTown",1925,"Detchd","Unf",1,"N",1,844,0,2,111500
60,10800,"OldTown",1920,"Detchd","Unf",2,"Y",1,1130,0,2,120000
71,8838,"NAmes",1957,"Attchd","Fin",1,"Y",2,1764,0,4,100000
70,9800,"CollgCr",1972,"Attchd","Unf",2,"Y",1,894,0,3,149900
70,7000,"NAmes",1961,"Attchd","Fin",1,"Y",1,925,0,3,99000
60,6000,"BrkSide",1941,"Detchd","Unf",2,"Y",1,869,349,3,131000
82,9452,"NoRidge",1997,"Attchd","Fin",3,"Y",2,1407,985,3,348000
60,6000,"SWISU",1926,,,0,"P",2,1008,0,4,102000
,10382,"NWAmes",1973,"Attchd","RFn",2,"Y",2,1107,983,3,200000
104,13518,"NridgHt",2008,"BuiltIn","Fin",3,"Y",3,1966,1174,4,485000
70,8750,"CollgCr",1996,"Attchd","RFn",2,"Y",2,909,807,2,191000
124,18600,"Edwards",1938,"Attchd","RFn",1,"Y",2,1052,558,4,124000
65,6012,"Edwards",1955,,,0,"N",2,1152,0,2,82000
75,9000,"Somerst",2007,"BuiltIn","Fin",2,"Y",2,1184,1426,4,303477
,9130,"NWAmes",1966,"Attchd","Unf",2,"Y",1,800,832,4,173000
,12104,"Gilbert",2006,"Attchd","RFn",3,"Y",3,1082,1240,4,287602
21,1533,"MeadowV",1970,,,0,"Y",1,630,0,1,92000
80,13600,"NAmes",1955,"Attchd","Fin",1,"Y",1,1056,0,3,125000
65,10237,"Gilbert",2005,"Attchd","Fin",2,"Y",2,783,701,3,178900
75,8235,"Sawyer",1977,"Attchd","RFn",2,"Y",2,1949,0,6,157000
95,13015,"CollgCr",1996,"Attchd","RFn",2,"Y",1,1100,0,3,145000
70,10171,"NridgHt",2004,"Attchd","RFn",2,"Y",2,1535,0,3,214000
62,8010,"NAmes",1958,"Detchd","Unf",2,"Y",1,951,0,2,143500
,36500,"ClearCr",1964,"Attchd","Unf",2,"N",2,1582,0,4,190000
79,11646,"CollgCr",2005,"Attchd","Fin",2,"Y",2,704,718,3,173000
50,7000,"OldTown",1924,"Attchd","Unf",1,"Y",2,865,445,2,112000
53,5470,"OldTown",1958,"Attchd","Unf",1,"Y",1,792,0,2,99900
,17199,"NAmes",1961,"Basment","Unf",1,"Y",1,914,0,2,128000
70,8750,"NAmes",1955,"Attchd","Unf",1,"Y",1,1382,0,3,153000
50,8600,"IDOTRR",1937,"Detchd","Unf",1,"N",2,780,596,3,119500
103,13472,"NridgHt",2003,"Attchd","Fin",3,"Y",2,2392,0,3,386250
70,8120,"NAmes",1970,"Detchd","Unf",2,"Y",1,864,0,3,124500
54,7609,"Crawfor",1925,"Detchd","Unf",1,"P",2,798,714,3,231000
67,13300,"Gilbert",2004,"BuiltIn","Fin",2,"Y",2,744,630,3,184500
80,10000,"NWAmes",1973,"Attchd","Unf",2,"Y",1,1178,0,3,157000
128,39290,"Edwards",2008,"Attchd","Fin",3,"Y",2,5095,0,2,183850
80,10400,"NWAmes",1976,"Attchd","RFn",2,"Y",2,1370,0,3,152000
94,13615,"NridgHt",2006,"Attchd","Fin",3,"Y",2,1802,0,3,372000
78,10452,"Crawfor",1941,"Attchd","Unf",1,"Y",1,1225,908,4,257500
45,8248,"Edwards",1914,,,0,"N",1,864,0,2,67000
75,13500,"OldTown",1879,"Attchd","Unf",2,"N",2,1312,1142,3,185000
60,6600,"NAmes",1962,"Detchd","Unf",1,"Y",1,864,0,2,125500
62,7415,"Gilbert",2004,"Attchd","Fin",2,"Y",2,864,729,3,193000
,23730,"Mitchel",1996,"Attchd","Fin",3,"Y",3,2032,0,3,300000
,7750,"Gilbert",2002,"BuiltIn","Fin",2,"Y",2,779,640,3,184100
100,25000,"Mitchel",1967,"Attchd","Unf",2,"P",2,1632,0,4,143000
60,10800,"OldTown",1900,,,0,"N",2,694,600,3,106250
80,9600,"NAmes",1955,"BuiltIn","RFn",1,"Y",1,1661,0,3,165500
,7500,"NAmes",1959,"Attchd","RFn",1,"Y",1,1040,0,3,152000
60,12900,"Sawyer",1969,"CarPort","Unf",2,"Y",0,1258,0,0,108959
68,7379,"Somerst",2000,"Attchd","RFn",2,"Y",2,975,873,3,254000
36,2592,"MeadowV",1976,"Attchd","Unf",1,"Y",1,536,576,3,85000
90,9900,"NAmes",1967,"Attchd","Unf",2,"Y",1,1691,0,2,175000
84,10084,"CollgCr",2005,"Attchd","RFn",3,"Y",2,1552,0,3,212900
63,12292,"StoneBr",2006,"BuiltIn","Fin",3,"Y",2,1102,1371,4,356383
21,1484,"MeadowV",1972,"Attchd","Unf",1,"Y",1,546,546,3,79400
50,9350,"Edwards",1946,"Detchd","Unf",1,"Y",1,892,747,3,154400
51,6120,"BrkSide",1935,"Detchd","Unf",1,"Y",1,989,584,3,133000
67,8777,"Edwards",1910,"Attchd","Unf",2,"Y",2,760,676,3,98000
,12155,"NAmes",1970,"Attchd","Unf",2,"Y",2,1657,0,3,163500
60,8172,"Edwards",1955,"Detchd","Unf",2,"N",1,864,0,3,79275
70,9109,"SawyerW",1994,"Attchd","RFn",2,"Y",2,754,786,3,184000
110,14230,"NridgHt",2007,"Attchd","RFn",3,"Y",2,1600,0,3,256300
195,41600,"Gilbert",1969,"2Types","Unf",3,"N",1,1424,0,3,155000
61,10125,"Gilbert",2004,"Attchd","Fin",2,"Y",2,846,748,3,195500
75,9750,"CollgCr",2000,"Attchd","Unf",2,"Y",2,1630,0,3,213000
50,7500,"NAmes",1947,"Detchd","Unf",2,"Y",1,900,412,3,127000
50,9000,"IDOTRR",1937,"Detchd","Unf",1,"P",1,780,595,3,141000
82,12464,"CollgCr",1996,"Detchd","Unf",2,"Y",1,1040,0,3,152000
79,9085,"NoRidge",1995,"Attchd","Fin",2,"Y",2,1094,967,3,260000
70,7000,"Somerst",2003,"Attchd","RFn",2,"Y",2,1016,868,3,240900
65,8450,"CollgCr",2003,"Attchd","RFn",2,"Y",2,1337,0,3,185000
40,4671,"StoneBr",1988,"Attchd","Fin",2,"Y",2,1228,0,2,189000
94,12883,"NridgHt",2009,"Attchd","RFn",3,"Y",2,1544,0,3,290941
50,7288,"IDOTRR",1925,,,0,"N",2,936,665,3,129850
80,3523,"Somerst",2006,"Attchd","Fin",2,"Y",2,1151,0,2,166000
76,12887,"Mitchel",1984,"Attchd","Unf",2,"Y",1,833,0,2,149900
85,9350,"NAmes",1964,"Attchd","Fin",2,"Y",1,720,720,4,157500
60,12450,"SawyerW",2003,"Detchd","Unf",2,"Y",1,1094,0,3,149000
42,10331,"Timber",1985,"Attchd","Unf",2,"Y",2,1240,0,3,174000
75,9937,"Edwards",1964,"Detchd","Fin",2,"Y",1,1486,0,3,167000
52,6240,"BrkSide",1928,"Detchd","Unf",1,"Y",1,1042,534,3,149000
66,3960,"OldTown",1930,"Detchd","Unf",1,"N",1,502,502,2,105000
,11616,"Sawyer",1962,"Attchd","Unf",1,"Y",1,1092,0,3,139000
67,8368,"Timber",2006,"Attchd","Fin",2,"Y",2,1689,0,3,231713
74,9627,"Mitchel",1993,"Attchd","Fin",3,"Y",2,996,1004,3,188000
21,1680,"BrDale",1971,"Detchd","Unf",1,"Y",1,483,504,2,85400
70,9100,"CollgCr",2000,"Attchd","RFn",2,"Y",2,1525,0,3,235000
40,3951,"Somerst",2009,"Detchd","RFn",2,"Y",2,612,612,2,164500
112,12606,"Somerst",2007,"Attchd","RFn",3,"Y",2,1530,0,3,250000
60,6931,"Edwards",2003,"BuiltIn","Fin",2,"Y",2,760,896,3,165400
65,8125,"NAmes",1959,"Detchd","Unf",1,"Y",1,864,0,3,118000
64,7804,"SWISU",1930,"Detchd","Unf",2,"Y",2,960,960,4,161900
56,10134,"OldTown",1910,,,0,"N",1,801,646,3,103000
119,10895,"NAmes",1955,"Attchd","Unf",1,"Y",1,972,0,3,122500
63,10928,"Gilbert",2005,"Attchd","Fin",2,"Y",2,728,728,3,184000
60,7500,"Gilbert",1999,"Attchd","Fin",2,"Y",3,957,1342,5,204000
,7703,"Sawyer",1978,"Basment","Fin",2,"Y",1,1034,0,3,153000
70,8750,"CollgCr",1997,"Attchd","Unf",2,"Y",2,1417,0,3,210000
89,10858,"NAmes",1952,"Attchd","RFn",1,"Y",1,1624,0,2,146500
24,2645,"Somerst",1999,"Detchd","Unf",2,"Y",2,764,677,2,174000
64,6410,"Edwards",1958,,,0,"Y",1,960,0,3,90000
96,11308,"NridgHt",2008,"Attchd","Fin",3,"Y",2,1130,1054,3,335000
,21695,"Crawfor",1988,"Attchd","Fin",2,"Y",2,1680,0,3,222000
69,8973,"NAmes",1958,"2Types","RFn",2,"Y",1,1053,0,3,150000
,7252,"Sawyer",1982,"Detchd","Unf",2,"Y",1,858,0,2,134900
80,10800,"NAmes",1961,"Attchd","RFn",2,"Y",2,1773,0,3,183000
79,9236,"CollgCr",1997,"Attchd","RFn",2,"Y",2,1494,0,3,217000
,9819,"Mitchel",1977,"Attchd","RFn",2,"Y",2,1567,0,2,196000
108,13173,"NridgHt",2006,"Attchd","Fin",2,"Y",2,1652,0,2,325000
34,3230,"Somerst",1999,"Detchd","Unf",2,"Y",2,729,729,2,176000
,4217,"Somerst",2008,"Attchd","Fin",2,"Y",1,1256,0,1,195000
51,6120,"BrkSide",1931,"Detchd","Unf",1,"Y",1,875,0,2,105000
100,10839,"Gilbert",1997,"Attchd","Fin",2,"Y",2,926,678,3,181000
,6853,"Timber",2001,"Attchd","Fin",2,"Y",2,1296,0,2,220000
,11250,"CollgCr",2001,"Attchd","RFn",2,"Y",2,944,926,3,211000
83,10184,"NAmes",1963,"Attchd","Unf",1,"Y",1,1146,0,3,165000
,13650,"Sawyer",1958,"Attchd","Unf",2,"Y",2,1252,668,4,172500
75,9533,"NAmes",1953,"Attchd","Fin",1,"Y",1,1210,0,2,102900
,4447,"Somerst",2003,"Attchd","RFn",2,"Y",2,530,550,2,139000
74,7785,"NAmes",1956,"Attchd","RFn",1,"Y",1,1014,0,2,98000
44,6371,"NridgHt",2009,"Attchd","RFn",2,"Y",2,1358,0,2,224000
115,21286,"Sawyer",1948,"Attchd","Unf",1,"Y",2,720,551,4,135000
58,9098,"Edwards",1920,,,0,"N",1,605,0,2,86000
84,14260,"NoRidge",2000,"Attchd","RFn",3,"Y",2,1145,1053,4,250000
85,12633,"Timber",2006,"Attchd","Fin",3,"Y",2,1824,0,3,392000
,8530,"Gilbert",1995,"BuiltIn","Fin",2,"Y",2,804,670,3,168500
74,7632,"SawyerW",2005,"Attchd","RFn",2,"Y",2,831,754,3,184900
,10304,"NWAmes",1976,"Attchd","Unf",2,"Y",2,1088,780,4,197500
,9636,"Gilbert",1992,"BuiltIn","RFn",2,"Y",2,808,785,3,178000
60,16012,"Edwards",1954,"2Types","Unf",2,"Y",2,1482,0,3,125000
80,8146,"OldTown",1900,"Detchd","Unf",1,"N",1,717,322,2,114000
79,9541,"NridgHt",2009,"Attchd","RFn",2,"Y",2,1502,0,3,233170
60,7500,"IDOTRR",1920,"Detchd","RFn",2,"Y",1,698,430,2,68400
98,8731,"BrkSide",1920,"Detchd","Unf",2,"Y",1,1167,0,3,144000
,13355,"NWAmes",1971,"Attchd","Fin",2,"Y",1,845,825,4,170000
65,7153,"SawyerW",1992,"Attchd","RFn",2,"Y",2,810,793,3,175900
78,11419,"NAmes",1948,"Attchd","Unf",2,"Y",1,801,726,3,152500
77,9278,"Mitchel",2007,,,0,"Y",1,1092,0,2,146000
70,7000,"NAmes",1960,"Attchd","RFn",1,"Y",1,1134,0,2,135000
74,12961,"Mitchel",1993,"Attchd","Fin",2,"Y",2,1152,645,3,231000
,19900,"NAmes",1970,"Attchd","RFn",2,"Y",2,2207,0,3,180000
75,14559,"NAmes",1951,"CarPort","Unf",1,"Y",1,1363,0,2,164900
73,9735,"Timber",2006,"BuiltIn","Fin",2,"Y",2,754,640,3,167500
52,46589,"NoRidge",1994,"Attchd","RFn",3,"Y",2,1686,762,4,402000
60,5400,"OldTown",1921,"Detchd","Unf",1,"Y",1,1073,0,2,108480
60,11414,"BrkSide",1910,"Detchd","Unf",2,"Y",1,1136,883,3,167500
58,8410,"Edwards",1910,,,0,"N",1,658,526,5,81000
88,10738,"NWAmes",1966,"Attchd","RFn",2,"Y",2,1093,0,3,158500
35,4017,"Somerst",2006,"Detchd","Fin",2,"Y",2,625,625,2,171900
66,8712,"IDOTRR",1952,"Basment","Unf",2,"N",1,1044,0,2,55993
,5062,"StoneBr",1984,"Attchd","Fin",2,"Y",2,1190,900,3,207500
52,8741,"Edwards",1946,,,0,"N",2,1195,0,4,98500
,9930,"CollgCr",2002,"Attchd","Fin",2,"Y",2,878,884,3,222000
118,35760,"NoRidge",1995,"Attchd","Fin",3,"Y",3,1831,1796,4,625000
70,8425,"Sawyer",1971,"Detchd","Unf",2,"Y",1,868,0,2,119900
78,11344,"NAmes",1958,"Attchd","Unf",1,"Y",1,874,650,3,144000
66,9042,"Crawfor",1941,"Attchd","RFn",1,"Y",2,1188,1152,4,266500
80,8000,"NAmes",1959,"Attchd","RFn",1,"Y",1,1256,0,3,159000
153,4118,"OldTown",1941,,,0,"N",1,693,0,2,52500
76,11388,"Edwards",1910,"Detchd","Unf",1,"N",1,1055,218,3,121000
,7655,"Gilbert",1993,"Attchd","RFn",2,"Y",2,910,732,3,168000
74,16287,"Edwards",1925,"Detchd","Unf",2,"N",1,901,450,3,122000
130,11700,"NWAmes",1968,"Attchd","Fin",2,"Y",1,1295,0,3,164000
108,14774,"NoRidge",1999,"BuiltIn","Fin",3,"Y",2,1422,1177,4,333168
66,13695,"SawyerW",2003,"Detchd","Unf",2,"Y",1,1114,0,3,155000
35,4251,"Somerst",2006,"Detchd","RFn",2,"Y",2,625,625,2,164700
54,7244,"Mitchel",1970,"Detchd","Unf",2,"Y",1,768,0,2,129500
53,3684,"Blmngtn",2007,"Attchd","Fin",3,"Y",2,1555,0,2,174000
85,13600,"OldTown",1900,"Detchd","Unf",2,"Y",2,1422,915,5,90000
24,2308,"NPkVill",1976,"Detchd","RFn",2,"Y",2,804,744,3,146000
60,7200,"OldTown",1910,"Detchd","Unf",2,"Y",2,930,760,4,156500
,6718,"Timber",2001,"Attchd","Unf",2,"Y",2,1312,0,2,180500
70,8445,"CollgCr",1972,"Detchd","Unf",2,"Y",1,768,0,2,133000
60,6911,"BrkSide",1924,"Detchd","Unf",2,"Y",1,1301,0,2,100000
51,6120,"OldTown",1923,"Detchd","Unf",1,"Y",1,1068,0,2,109500
60,8147,"StoneBr",2005,"Attchd","Fin",2,"Y",2,1714,0,2,318000
60,10320,"IDOTRR",1912,"Detchd","Unf",2,"N",1,759,0,1,85000
36,3640,"Greens",1980,"Detchd","Fin",2,"Y",1,1036,0,1,188000
,11275,"Crawfor",1932,"Detchd","Unf",2,"Y",1,1096,895,3,220000
100,21750,"Mitchel",1960,"Attchd","Unf",2,"Y",1,1771,0,3,115000
34,5381,"NridgHt",2005,"Attchd","RFn",2,"Y",2,1306,0,1,196000
131,14828,"NridgHt",2004,"Attchd","Fin",3,"Y",2,1780,0,2,378000
39,5389,"StoneBr",1995,"Attchd","RFn",2,"Y",2,1616,0,2,236500
85,9350,"NAmes",1961,"Attchd","RFn",2,"Y",1,1313,0,3,153000
107,12888,"Sawyer",1937,"Attchd","Fin",2,"Y",1,1262,1005,3,219000
120,13200,"IDOTRR",1963,"Attchd","Unf",2,"Y",3,1497,797,5,202500
60,11340,"OldTown",1920,"Detchd","Unf",2,"N",1,723,363,2,55000
90,11988,"NAmes",1957,"Attchd","Unf",1,"Y",1,1244,0,3,150000
44,3842,"Crawfor",2004,"Attchd","Fin",2,"Y",2,1646,0,2,275000
80,10400,"NWAmes",1967,"Attchd","RFn",2,"Y",2,1271,1369,5,256900
50,5000,"BrkSide",1926,"Detchd","Unf",1,"Y",1,1013,0,3,113000
48,3480,"NridgHt",2003,"Attchd","RFn",2,"Y",2,1405,0,2,173000
55,10267,"BrkSide",1918,"Detchd","Fin",1,"N",1,838,0,2,130000
85,11475,"NAmes",1958,"Detchd","Unf",3,"Y",2,1776,0,4,110000
59,9434,"Gilbert",2004,"BuiltIn","Fin",2,"Y",2,744,630,3,170000
40,13673,"Sawyer",1962,"Attchd","RFn",1,"Y",1,1696,0,3,143900
93,12299,"NWAmes",1978,"Attchd","Fin",2,"Y",2,1664,0,3,213000
64,13053,"BrkSide",1923,"Detchd","Unf",2,"N",1,1053,795,4,207000
90,9900,"OldTown",1880,"Detchd","Unf",1,"N",2,1178,1032,5,117500
72,9392,"IDOTRR",1900,,,0,"N",1,797,0,2,44000
60,7200,"IDOTRR",1925,"Detchd","Unf",2,"Y",1,1040,0,2,127500
50,8000,"NAmes",1948,"Detchd","Unf",1,"Y",1,972,0,2,132000
70,13300,"NAmes",1956,"Attchd","Unf",1,"Y",1,928,0,2,132000
26,5858,"NAmes",1999,"Attchd","Fin",2,"Y",2,1337,0,2,184000
,10400,"CollgCr",2001,"Attchd","RFn",2,"Y",2,1290,871,3,230500
60,10800,"Edwards",1987,,,0,"Y",3,1200,0,3,179000
,12735,"NAmes",1972,"Detchd","Unf",2,"Y",1,864,0,3,111250
82,8410,"Mitchel",1974,"Attchd","Unf",2,"Y",1,1026,0,2,143000
,7500,"Somerst",2000,"Attchd","Fin",2,"Y",2,1058,816,3,220000
80,10400,"NWAmes",1988,"Attchd","Fin",2,"Y",2,1872,0,3,241500
32,3363,"Edwards",2004,"Detchd","Unf",2,"Y",2,976,732,3,130000
67,4853,"SWISU",1924,"Detchd","Unf",1,"Y",2,1296,0,2,104000
70,9658,"NridgHt",2006,"Attchd","RFn",3,"Y",2,1606,0,3,255900
85,11003,"Somerst",2008,"Attchd","Fin",3,"Y",2,1026,981,3,310000
,7424,"Sawyer",1978,"Attchd","Fin",2,"Y",1,1373,0,3,160250
60,5400,"OldTown",1920,"Detchd","Unf",1,"Y",1,1044,0,3,119000
62,10106,"Edwards",1940,,,0,"Y",2,808,547,4,127500
42,3964,"MeadowV",1973,"Attchd","Fin",2,"Y",2,1291,1230,5,151400
76,10612,"Somerst",2006,"Attchd","Fin",2,"Y",2,1534,0,3,215000
46,3672,"IDOTRR",1922,"Detchd","Unf",1,"N",1,816,0,2,75200
80,10682,"Edwards",1960,"2Types","Fin",1,"Y",1,1149,0,3,127000
,12511,"NWAmes",1978,"Attchd","Fin",4,"Y",2,1420,1420,4,292500
80,8800,"NAmes",1963,"Attchd","RFn",2,"Y",1,1054,0,3,137500
,15387,"NWAmes",1967,"Attchd","Unf",2,"Y",2,1620,0,4,215000
60,18062,"StoneBr",2006,"BuiltIn","Fin",3,"Y",3,1528,1862,5,545224
78,10530,"NWAmes",1993,"Attchd","Unf",2,"Y",2,1091,984,3,255000
72,9129,"Mitchel",1977,"Attchd","Fin",2,"Y",1,1008,0,1,153500
74,13101,"NAmes",1965,"Detchd","Unf",2,"Y",2,1728,0,6,142600
94,22136,"OldTown",1925,"Attchd","RFn",3,"N",2,1392,1248,5,180000
76,8243,"NAmes",1961,"Detchd","Fin",2,"Y",1,964,0,3,137500
60,7800,"SawyerW",1965,"Detchd","Unf",1,"Y",1,965,0,3,119900
51,6120,"BrkSide",1939,"Detchd","Unf",1,"Y",1,884,0,2,113000
,8826,"CollgCr",2000,"Attchd","Fin",2,"Y",2,985,857,3,217500
,21533,"CollgCr",1996,"Attchd","Unf",2,"Y",2,1065,984,4,210900
62,7692,"Edwards",1954,"Basment","Unf",1,"Y",1,1204,0,3,100000
80,8000,"Somerst",2002,"Attchd","RFn",2,"Y",2,1492,0,3,230000
48,12137,"CollgCr",1998,"Attchd","RFn",2,"Y",2,1661,0,3,224900
,7915,"Timber",1999,"Attchd","RFn",2,"Y",2,1675,0,3,195000
72,8640,"Somerst",2009,"Attchd","Unf",2,"Y",2,764,783,3,215200
60,7200,"OldTown",1910,"Detchd","Unf",2,"Y",2,1260,1031,4,133900
,12227,"NWAmes",1977,"Attchd","Fin",2,"Y",2,1542,1330,4,272000
50,5500,"OldTown",1929,"Detchd","Unf",2,"Y",1,926,0,3,130000
43,3182,"Blmngtn",2005,"Attchd","Fin",2,"Y",2,1504,0,1,181000
,10448,"NWAmes",1972,"Attchd","RFn",2,"Y",2,1378,741,3,158000
,9316,"Sawyer",1965,"Attchd","Unf",1,"Y",2,1020,0,3,124100
65,10816,"CollgCr",2008,"Attchd","RFn",3,"Y",2,1720,0,3,332000
85,10176,"Gilbert",1990,"Attchd","Unf",2,"Y",1,1341,0,2,171500
61,9734,"Gilbert",2004,"BuiltIn","Fin",2,"Y",2,744,630,3,167000
41,5852,"OldTown",1902,,,0,"N",2,978,886,6,97500
